{
  "i18n/i18n_fr.properties": 1746535336126,
  "i18n/i18n_en.properties": 1746535336126,
  "i18n/i18n_de.properties": 1746535336125,
  "i18n/i18n.properties": 1746535336125,
  "manifest.json": 1746535336126,
  "changes/changes-bundle.json": 1746535336123,
  "changes/flexibility-bundle.json": 1746535336124,
  "ext/fragment/CustomSection.ts": 1746535336125,
  "ext/controller/ObjectPageExtension.controller.ts": 1746535336124,
  "ext/controller/ControllerExtension.d.ts": 1746535336124,
  "Component.ts": 1746535336123,
  "Component.js.map": 1746628499535,
  "ext/controller/ObjectPageExtension.controller.js.map": 1746628499539,
  "ext/fragment/CustomSection.js.map": 1746628499536,
  "Component.js": 1746628499482,
  "ext/controller/ObjectPageExtension.controller.js": 1746628499482,
  "ext/fragment/CustomSection.js": 1746628499482,
  "ext/controller/ObjectPageExtension-dbg.controller.js": 1746628499482,
  "ext/controller/ObjectPageExtension-dbg.controller.js.map": 1746628499489,
  "Component-dbg.js": 1746628499482,
  "Component-dbg.js.map": 1746628499491,
  "ext/fragment/CustomSection-dbg.js": 1746628499482,
  "ext/fragment/CustomSection-dbg.js.map": 1746628499492,
  "Component-preload.js": 1746628499590,
  "Component-preload.js.map": 1746628499590,
  "ext/fragment/Trees4Tickets.fragment.xml": 1746535336125,
  "ext/fragment/CustomSection.fragment.xml": 1746535336124,
  "index.html": 1746535336126
}